category,category_description,framework,run_number,execution_time_ms,memory_before_mb,memory_after_mb,memory_delta_mb,wall_clock_start,wall_clock_end,wall_clock_duration_ms,error
imports,Framework import time (cold start critical),langgraph,1,0.109,14.344,14.359,0.016,2025-09-20T22:49:41.566352,2025-09-20T22:49:41.591377,25.025,
imports,Framework import time (cold start critical),langgraph,2,0.093,14.25,14.266,0.016,2025-09-20T22:49:41.591414,2025-09-20T22:49:41.616981,25.567,
imports,Framework import time (cold start critical),langgraph,3,0.084,14.578,14.594,0.016,2025-09-20T22:49:41.617021,2025-09-20T22:49:41.643071,26.05,
imports,Framework import time (cold start critical),langgraph,4,0.086,14.266,14.281,0.016,2025-09-20T22:49:41.643108,2025-09-20T22:49:41.669880,26.772,
imports,Framework import time (cold start critical),langgraph,5,0.126,14.391,14.438,0.047,2025-09-20T22:49:41.669917,2025-09-20T22:49:41.696801,26.884,
imports,Framework import time (cold start critical),langgraph,6,0.101,14.531,14.547,0.016,2025-09-20T22:49:41.696835,2025-09-20T22:49:41.723605,26.77,
imports,Framework import time (cold start critical),langgraph,7,0.091,14.484,14.516,0.031,2025-09-20T22:49:41.723645,2025-09-20T22:49:41.750282,26.637,
imports,Framework import time (cold start critical),langgraph,8,0.084,14.422,14.438,0.016,2025-09-20T22:49:41.750316,2025-09-20T22:49:41.776372,26.056,
imports,Framework import time (cold start critical),langgraph,9,0.089,14.312,14.328,0.016,2025-09-20T22:49:41.776412,2025-09-20T22:49:41.802708,26.296,
imports,Framework import time (cold start critical),langgraph,10,0.086,14.188,14.203,0.016,2025-09-20T22:49:41.802744,2025-09-20T22:49:41.829316,26.572,
imports,Framework import time (cold start critical),langgraph,11,0.089,14.75,14.766,0.016,2025-09-20T22:49:41.829348,2025-09-20T22:49:41.856569,27.221,
imports,Framework import time (cold start critical),langgraph,12,0.099,14.609,14.625,0.016,2025-09-20T22:49:41.856612,2025-09-20T22:49:41.883299,26.687,
imports,Framework import time (cold start critical),langgraph,13,0.109,14.703,14.719,0.016,2025-09-20T22:49:41.883340,2025-09-20T22:49:41.910889,27.549,
imports,Framework import time (cold start critical),langgraph,14,0.091,14.594,14.609,0.016,2025-09-20T22:49:41.910968,2025-09-20T22:49:41.938188,27.22,
imports,Framework import time (cold start critical),langgraph,15,0.081,14.562,14.578,0.016,2025-09-20T22:49:41.938246,2025-09-20T22:49:41.964606,26.36,
imports,Framework import time (cold start critical),langgraph,16,0.08,14.391,14.406,0.016,2025-09-20T22:49:41.964644,2025-09-20T22:49:41.990566,25.922,
imports,Framework import time (cold start critical),langgraph,17,0.083,14.547,14.562,0.016,2025-09-20T22:49:41.990597,2025-09-20T22:49:42.016291,25.694,
imports,Framework import time (cold start critical),langgraph,18,0.082,14.578,14.594,0.016,2025-09-20T22:49:42.016326,2025-09-20T22:49:42.042607,26.281,
imports,Framework import time (cold start critical),langgraph,19,0.093,14.422,14.438,0.016,2025-09-20T22:49:42.042636,2025-09-20T22:49:42.067727,25.091,
imports,Framework import time (cold start critical),langgraph,20,0.076,14.375,14.391,0.016,2025-09-20T22:49:42.067754,2025-09-20T22:49:42.092844,25.09,
imports,Framework import time (cold start critical),lionagi,1,55.458,14.609,24.891,10.281,2025-09-20T22:49:40.197697,2025-09-20T22:49:40.286239,88.542,
imports,Framework import time (cold start critical),lionagi,2,35.493,14.359,24.766,10.406,2025-09-20T22:49:40.286300,2025-09-20T22:49:40.355155,68.855,
imports,Framework import time (cold start critical),lionagi,3,34.621,14.562,24.688,10.125,2025-09-20T22:49:40.355198,2025-09-20T22:49:40.423981,68.783,
imports,Framework import time (cold start critical),lionagi,4,35.247,14.453,24.469,10.016,2025-09-20T22:49:40.424036,2025-09-20T22:49:40.492357,68.321,
imports,Framework import time (cold start critical),lionagi,5,34.827,14.266,24.125,9.859,2025-09-20T22:49:40.492418,2025-09-20T22:49:40.559313,66.895,
imports,Framework import time (cold start critical),lionagi,6,34.775,14.203,24.109,9.906,2025-09-20T22:49:40.559358,2025-09-20T22:49:40.625816,66.458,
imports,Framework import time (cold start critical),lionagi,7,37.368,14.328,24.328,10.0,2025-09-20T22:49:40.625876,2025-09-20T22:49:40.696196,70.32,
imports,Framework import time (cold start critical),lionagi,8,35.857,14.594,25.0,10.406,2025-09-20T22:49:40.696244,2025-09-20T22:49:40.766502,70.258,
imports,Framework import time (cold start critical),lionagi,9,35.472,14.484,24.75,10.266,2025-09-20T22:49:40.766560,2025-09-20T22:49:40.834085,67.525,
imports,Framework import time (cold start critical),lionagi,10,35.289,14.469,24.734,10.266,2025-09-20T22:49:40.834135,2025-09-20T22:49:40.901696,67.561,
imports,Framework import time (cold start critical),lionagi,11,35.348,14.453,24.578,10.125,2025-09-20T22:49:40.901757,2025-09-20T22:49:40.970186,68.429,
imports,Framework import time (cold start critical),lionagi,12,35.047,14.719,24.766,10.047,2025-09-20T22:49:40.970239,2025-09-20T22:49:41.037708,67.469,
imports,Framework import time (cold start critical),lionagi,13,34.655,14.609,24.719,10.109,2025-09-20T22:49:41.037758,2025-09-20T22:49:41.106239,68.481,
imports,Framework import time (cold start critical),lionagi,14,35.367,14.641,24.578,9.938,2025-09-20T22:49:41.106297,2025-09-20T22:49:41.176114,69.817,
imports,Framework import time (cold start critical),lionagi,15,34.472,14.453,24.5,10.047,2025-09-20T22:49:41.176161,2025-09-20T22:49:41.242471,66.31,
imports,Framework import time (cold start critical),lionagi,16,34.594,14.391,24.5,10.109,2025-09-20T22:49:41.242514,2025-09-20T22:49:41.308401,65.887,
imports,Framework import time (cold start critical),lionagi,17,34.068,14.547,24.656,10.109,2025-09-20T22:49:41.308441,2025-09-20T22:49:41.374533,66.092,
imports,Framework import time (cold start critical),lionagi,18,34.14,14.75,24.719,9.969,2025-09-20T22:49:41.374578,2025-09-20T22:49:41.440182,65.604,
imports,Framework import time (cold start critical),lionagi,19,33.39,14.531,24.344,9.812,2025-09-20T22:49:41.440221,2025-09-20T22:49:41.504098,63.877,
imports,Framework import time (cold start critical),lionagi,20,32.43,14.281,24.234,9.953,2025-09-20T22:49:41.504138,2025-09-20T22:49:41.566107,61.969,
imports,Framework import time (cold start critical),langchain,1,72.529,14.391,29.766,15.375,2025-09-20T22:49:42.093027,2025-09-20T22:49:42.198943,105.916,
imports,Framework import time (cold start critical),langchain,2,57.953,14.578,30.391,15.812,2025-09-20T22:49:42.198990,2025-09-20T22:49:42.293215,94.225,
imports,Framework import time (cold start critical),langchain,3,57.245,14.438,30.266,15.828,2025-09-20T22:49:42.293262,2025-09-20T22:49:42.390293,97.031,
imports,Framework import time (cold start critical),langchain,4,59.461,14.375,29.891,15.516,2025-09-20T22:49:42.390364,2025-09-20T22:49:42.487219,96.855,
imports,Framework import time (cold start critical),langchain,5,58.395,14.547,29.844,15.297,2025-09-20T22:49:42.487281,2025-09-20T22:49:42.583506,96.225,
imports,Framework import time (cold start critical),langchain,6,59.355,14.406,29.844,15.438,2025-09-20T22:49:42.583630,2025-09-20T22:49:42.680791,97.161,
imports,Framework import time (cold start critical),langchain,7,63.423,14.594,30.531,15.938,2025-09-20T22:49:42.680851,2025-09-20T22:49:42.784108,103.257,
imports,Framework import time (cold start critical),langchain,8,58.765,14.297,30.234,15.938,2025-09-20T22:49:42.784155,2025-09-20T22:49:42.878718,94.563,
imports,Framework import time (cold start critical),langchain,9,58.135,14.328,29.891,15.562,2025-09-20T22:49:42.878773,2025-09-20T22:49:42.972429,93.656,
imports,Framework import time (cold start critical),langchain,10,59.541,14.094,29.953,15.859,2025-09-20T22:49:42.972471,2025-09-20T22:49:43.069956,97.485,
imports,Framework import time (cold start critical),langchain,11,58.366,14.469,29.953,15.484,2025-09-20T22:49:43.070020,2025-09-20T22:49:43.166785,96.765,
imports,Framework import time (cold start critical),langchain,12,59.633,14.547,30.344,15.797,2025-09-20T22:49:43.166835,2025-09-20T22:49:43.265815,98.98,
imports,Framework import time (cold start critical),langchain,13,59.415,14.672,30.188,15.516,2025-09-20T22:49:43.265893,2025-09-20T22:49:43.363915,98.022,
imports,Framework import time (cold start critical),langchain,14,59.022,14.5,30.125,15.625,2025-09-20T22:49:43.363967,2025-09-20T22:49:43.459182,95.215,
imports,Framework import time (cold start critical),langchain,15,59.299,14.359,30.156,15.797,2025-09-20T22:49:43.459248,2025-09-20T22:49:43.555701,96.453,
imports,Framework import time (cold start critical),langchain,16,58.802,14.219,29.828,15.609,2025-09-20T22:49:43.555754,2025-09-20T22:49:43.652020,96.266,
imports,Framework import time (cold start critical),langchain,17,59.231,14.594,30.422,15.828,2025-09-20T22:49:43.652071,2025-09-20T22:49:43.749123,97.052,
imports,Framework import time (cold start critical),langchain,18,58.9,14.547,29.969,15.422,2025-09-20T22:49:43.749198,2025-09-20T22:49:43.845158,95.96,
imports,Framework import time (cold start critical),langchain,19,59.883,14.516,30.047,15.531,2025-09-20T22:49:43.845217,2025-09-20T22:49:43.944373,99.156,
imports,Framework import time (cold start critical),langchain,20,60.389,14.438,30.172,15.734,2025-09-20T22:49:43.944434,2025-09-20T22:49:44.043138,98.704,
imports,Framework import time (cold start critical),llamaindex,1,784.46,14.469,111.0,96.531,2025-09-20T22:49:44.043416,2025-09-20T22:49:44.941081,897.665,
imports,Framework import time (cold start critical),llamaindex,2,548.119,14.406,109.109,94.703,2025-09-20T22:49:44.941153,2025-09-20T22:49:45.585312,644.159,
imports,Framework import time (cold start critical),llamaindex,3,552.345,14.266,104.297,90.031,2025-09-20T22:49:45.585375,2025-09-20T22:49:46.258355,672.98,
imports,Framework import time (cold start critical),llamaindex,4,567.712,14.531,107.5,92.969,2025-09-20T22:49:46.258435,2025-09-20T22:49:46.936717,678.282,
imports,Framework import time (cold start critical),llamaindex,5,549.086,14.344,107.703,93.359,2025-09-20T22:49:46.936784,2025-09-20T22:49:47.594935,658.151,
imports,Framework import time (cold start critical),llamaindex,6,555.743,14.375,108.312,93.938,2025-09-20T22:49:47.595023,2025-09-20T22:49:48.294744,699.721,
imports,Framework import time (cold start critical),llamaindex,7,572.36,14.328,110.328,96.0,2025-09-20T22:49:48.294798,2025-09-20T22:49:48.968465,673.667,
imports,Framework import time (cold start critical),llamaindex,8,521.221,14.281,105.453,91.172,2025-09-20T22:49:48.968517,2025-09-20T22:49:49.581971,613.454,
imports,Framework import time (cold start critical),llamaindex,9,539.511,14.469,106.25,91.781,2025-09-20T22:49:49.582037,2025-09-20T22:49:50.217520,635.483,
imports,Framework import time (cold start critical),llamaindex,10,534.604,14.094,109.719,95.625,2025-09-20T22:49:50.217581,2025-09-20T22:49:50.846114,628.533,
imports,Framework import time (cold start critical),llamaindex,11,539.741,14.312,107.062,92.75,2025-09-20T22:49:50.846212,2025-09-20T22:49:51.485193,638.981,
imports,Framework import time (cold start critical),llamaindex,12,535.461,14.5,106.797,92.297,2025-09-20T22:49:51.485245,2025-09-20T22:49:52.113606,628.361,
imports,Framework import time (cold start critical),llamaindex,13,504.906,14.312,106.0,91.688,2025-09-20T22:49:52.113674,2025-09-20T22:49:52.708894,595.22,
imports,Framework import time (cold start critical),llamaindex,14,510.084,14.469,105.844,91.375,2025-09-20T22:49:52.708950,2025-09-20T22:49:53.311800,602.85,
imports,Framework import time (cold start critical),llamaindex,15,516.725,14.219,107.703,93.484,2025-09-20T22:49:53.311859,2025-09-20T22:49:53.923315,611.456,
imports,Framework import time (cold start critical),llamaindex,16,510.827,14.312,104.328,90.016,2025-09-20T22:49:53.923373,2025-09-20T22:49:54.526271,602.898,
imports,Framework import time (cold start critical),llamaindex,17,517.081,14.141,106.453,92.312,2025-09-20T22:49:54.526327,2025-09-20T22:49:55.137005,610.678,
imports,Framework import time (cold start critical),llamaindex,18,532.792,14.188,108.984,94.797,2025-09-20T22:49:55.137071,2025-09-20T22:49:55.766831,629.76,
imports,Framework import time (cold start critical),llamaindex,19,523.183,14.328,105.031,90.703,2025-09-20T22:49:55.766905,2025-09-20T22:49:56.387797,620.892,
imports,Framework import time (cold start critical),llamaindex,20,517.747,14.25,107.25,93.0,2025-09-20T22:49:56.387854,2025-09-20T22:49:57.000219,612.365,
imports,Framework import time (cold start critical),autogen,1,1046.117,14.312,138.672,124.359,2025-09-20T22:49:57.000476,2025-09-20T22:49:58.157646,1157.17,
imports,Framework import time (cold start critical),autogen,2,870.593,14.234,143.0,128.766,2025-09-20T22:49:58.157709,2025-09-20T22:49:59.129279,971.57,
imports,Framework import time (cold start critical),autogen,3,869.678,14.359,144.797,130.438,2025-09-20T22:49:59.129352,2025-09-20T22:50:00.106245,976.893,
imports,Framework import time (cold start critical),autogen,4,886.265,14.234,150.875,136.641,2025-09-20T22:50:00.106305,2025-09-20T22:50:01.092915,986.61,
imports,Framework import time (cold start critical),autogen,5,863.676,14.25,137.781,123.531,2025-09-20T22:50:01.092971,2025-09-20T22:50:02.054925,961.954,
imports,Framework import time (cold start critical),autogen,6,873.635,14.297,147.828,133.531,2025-09-20T22:50:02.054989,2025-09-20T22:50:03.026221,971.232,
imports,Framework import time (cold start critical),autogen,7,862.458,14.344,142.547,128.203,2025-09-20T22:50:03.026281,2025-09-20T22:50:03.991709,965.428,
imports,Framework import time (cold start critical),autogen,8,858.869,14.406,139.859,125.453,2025-09-20T22:50:03.991771,2025-09-20T22:50:04.960755,968.984,
imports,Framework import time (cold start critical),autogen,9,992.117,14.75,153.75,139.0,2025-09-20T22:50:04.960829,2025-09-20T22:50:06.261122,1300.293,
imports,Framework import time (cold start critical),autogen,10,1314.681,14.812,152.109,137.297,2025-09-20T22:50:06.261232,2025-09-20T22:50:07.722609,1461.377,
imports,Framework import time (cold start critical),autogen,11,945.832,14.609,152.75,138.141,2025-09-20T22:50:07.722675,2025-09-20T22:50:08.778925,1056.25,
imports,Framework import time (cold start critical),autogen,12,881.297,14.266,136.531,122.266,2025-09-20T22:50:08.778983,2025-09-20T22:50:09.760039,981.056,
imports,Framework import time (cold start critical),autogen,13,889.35,14.328,149.578,135.25,2025-09-20T22:50:09.760095,2025-09-20T22:50:10.751723,991.628,
imports,Framework import time (cold start critical),autogen,14,894.369,14.438,146.656,132.219,2025-09-20T22:50:10.751784,2025-09-20T22:50:11.752805,1001.021,
imports,Framework import time (cold start critical),autogen,15,920.581,14.203,139.672,125.469,2025-09-20T22:50:11.752859,2025-09-20T22:50:12.792760,1039.901,
imports,Framework import time (cold start critical),autogen,16,893.583,14.609,153.844,139.234,2025-09-20T22:50:12.792831,2025-09-20T22:50:13.792039,999.208,
imports,Framework import time (cold start critical),autogen,17,857.236,14.375,133.062,118.688,2025-09-20T22:50:13.792096,2025-09-20T22:50:14.749569,957.473,
imports,Framework import time (cold start critical),autogen,18,860.315,14.344,141.953,127.609,2025-09-20T22:50:14.749629,2025-09-20T22:50:15.709936,960.307,
imports,Framework import time (cold start critical),autogen,19,873.222,14.188,144.953,130.766,2025-09-20T22:50:15.709993,2025-09-20T22:50:16.686410,976.417,
imports,Framework import time (cold start critical),autogen,20,881.847,14.438,150.031,135.594,2025-09-20T22:50:16.686466,2025-09-20T22:50:17.676242,989.776,
basic_primitives,Core object creation (fundamental building blocks),lionagi,1,186.568,14.578,41.328,26.75,2025-09-20T22:50:17.676734,2025-09-20T22:50:17.908250,231.516,
basic_primitives,Core object creation (fundamental building blocks),lionagi,2,167.601,14.75,42.031,27.281,2025-09-20T22:50:17.908308,2025-09-20T22:50:18.123229,214.921,
basic_primitives,Core object creation (fundamental building blocks),lionagi,3,181.025,14.609,41.688,27.078,2025-09-20T22:50:18.123327,2025-09-20T22:50:18.348325,224.998,
basic_primitives,Core object creation (fundamental building blocks),lionagi,4,161.279,14.234,41.578,27.344,2025-09-20T22:50:18.348383,2025-09-20T22:50:18.552691,204.308,
basic_primitives,Core object creation (fundamental building blocks),lionagi,5,164.093,14.328,40.609,26.281,2025-09-20T22:50:18.552750,2025-09-20T22:50:18.762860,210.11,
basic_primitives,Core object creation (fundamental building blocks),lionagi,6,160.136,14.25,40.859,26.609,2025-09-20T22:50:18.762923,2025-09-20T22:50:18.966728,203.805,
basic_primitives,Core object creation (fundamental building blocks),lionagi,7,158.216,14.438,40.422,25.984,2025-09-20T22:50:18.966788,2025-09-20T22:50:19.168304,201.516,
basic_primitives,Core object creation (fundamental building blocks),lionagi,8,153.85,14.266,40.578,26.312,2025-09-20T22:50:19.168356,2025-09-20T22:50:19.363134,194.778,
basic_primitives,Core object creation (fundamental building blocks),lionagi,9,154.59,14.469,40.922,26.453,2025-09-20T22:50:19.363193,2025-09-20T22:50:19.559629,196.436,
basic_primitives,Core object creation (fundamental building blocks),lionagi,10,150.948,14.047,40.109,26.062,2025-09-20T22:50:19.559686,2025-09-20T22:50:19.749685,189.999,
basic_primitives,Core object creation (fundamental building blocks),lionagi,11,147.637,14.188,40.172,25.984,2025-09-20T22:50:19.749734,2025-09-20T22:50:19.936148,186.414,
basic_primitives,Core object creation (fundamental building blocks),lionagi,12,160.964,14.047,41.406,27.359,2025-09-20T22:50:19.936203,2025-09-20T22:50:20.136357,200.154,
basic_primitives,Core object creation (fundamental building blocks),lionagi,13,152.101,14.188,40.094,25.906,2025-09-20T22:50:20.136407,2025-09-20T22:50:20.331144,194.737,
basic_primitives,Core object creation (fundamental building blocks),lionagi,14,159.148,14.469,41.953,27.484,2025-09-20T22:50:20.331189,2025-09-20T22:50:20.531565,200.376,
basic_primitives,Core object creation (fundamental building blocks),lionagi,15,157.057,14.562,41.578,27.016,2025-09-20T22:50:20.531626,2025-09-20T22:50:20.729831,198.205,
basic_primitives,Core object creation (fundamental building blocks),lionagi,16,151.609,14.281,41.0,26.719,2025-09-20T22:50:20.729885,2025-09-20T22:50:20.924540,194.655,
basic_primitives,Core object creation (fundamental building blocks),lionagi,17,150.543,14.484,40.203,25.719,2025-09-20T22:50:20.924597,2025-09-20T22:50:21.115662,191.065,
basic_primitives,Core object creation (fundamental building blocks),lionagi,18,150.327,14.297,41.219,26.922,2025-09-20T22:50:21.115718,2025-09-20T22:50:21.306569,190.851,
basic_primitives,Core object creation (fundamental building blocks),lionagi,19,157.778,14.234,40.625,26.391,2025-09-20T22:50:21.306620,2025-09-20T22:50:21.505074,198.454,
basic_primitives,Core object creation (fundamental building blocks),lionagi,20,160.88,14.344,41.0,26.656,2025-09-20T22:50:21.505137,2025-09-20T22:50:21.709493,204.356,
basic_primitives,Core object creation (fundamental building blocks),langgraph,1,305.003,14.328,63.859,49.531,2025-09-20T22:50:21.709744,2025-09-20T22:50:22.077060,367.316,
basic_primitives,Core object creation (fundamental building blocks),langgraph,2,259.714,14.344,62.969,48.625,2025-09-20T22:50:22.077118,2025-09-20T22:50:22.400934,323.816,
basic_primitives,Core object creation (fundamental building blocks),langgraph,3,256.715,14.406,60.031,45.625,2025-09-20T22:50:22.401000,2025-09-20T22:50:22.714594,313.594,
basic_primitives,Core object creation (fundamental building blocks),langgraph,4,267.772,14.094,63.5,49.406,2025-09-20T22:50:22.714650,2025-09-20T22:50:23.043906,329.256,
basic_primitives,Core object creation (fundamental building blocks),langgraph,5,261.919,14.172,59.922,45.75,2025-09-20T22:50:23.043995,2025-09-20T22:50:23.381504,337.509,
basic_primitives,Core object creation (fundamental building blocks),langgraph,6,266.825,14.062,62.188,48.125,2025-09-20T22:50:23.381558,2025-09-20T22:50:23.713438,331.88,
basic_primitives,Core object creation (fundamental building blocks),langgraph,7,250.933,14.328,59.359,45.031,2025-09-20T22:50:23.713501,2025-09-20T22:50:24.021784,308.283,
basic_primitives,Core object creation (fundamental building blocks),langgraph,8,267.286,14.266,68.0,53.734,2025-09-20T22:50:24.021852,2025-09-20T22:50:24.352716,330.864,
basic_primitives,Core object creation (fundamental building blocks),langgraph,9,272.04,14.453,63.0,48.547,2025-09-20T22:50:24.352781,2025-09-20T22:50:24.687065,334.284,
basic_primitives,Core object creation (fundamental building blocks),langgraph,10,252.639,14.312,61.844,47.531,2025-09-20T22:50:24.687132,2025-09-20T22:50:24.995961,308.829,
basic_primitives,Core object creation (fundamental building blocks),langgraph,11,265.916,14.484,65.031,50.547,2025-09-20T22:50:24.996017,2025-09-20T22:50:25.325522,329.505,
basic_primitives,Core object creation (fundamental building blocks),langgraph,12,265.882,14.375,62.5,48.125,2025-09-20T22:50:25.325573,2025-09-20T22:50:25.655415,329.842,
basic_primitives,Core object creation (fundamental building blocks),langgraph,13,267.715,14.406,66.5,52.094,2025-09-20T22:50:25.655473,2025-09-20T22:50:25.987903,332.43,
basic_primitives,Core object creation (fundamental building blocks),langgraph,14,267.564,14.469,61.062,46.594,2025-09-20T22:50:25.987955,2025-09-20T22:50:26.314976,327.021,
basic_primitives,Core object creation (fundamental building blocks),langgraph,15,273.252,14.172,65.781,51.609,2025-09-20T22:50:26.315042,2025-09-20T22:50:26.647922,332.88,
basic_primitives,Core object creation (fundamental building blocks),langgraph,16,270.382,14.359,63.359,49.0,2025-09-20T22:50:26.647981,2025-09-20T22:50:26.985346,337.365,
basic_primitives,Core object creation (fundamental building blocks),langgraph,17,264.823,14.438,59.984,45.547,2025-09-20T22:50:26.985402,2025-09-20T22:50:27.312783,327.381,
basic_primitives,Core object creation (fundamental building blocks),langgraph,18,272.494,14.5,62.969,48.469,2025-09-20T22:50:27.312853,2025-09-20T22:50:27.646686,333.833,
basic_primitives,Core object creation (fundamental building blocks),langgraph,19,260.094,14.406,59.531,45.125,2025-09-20T22:50:27.646770,2025-09-20T22:50:27.969929,323.159,
basic_primitives,Core object creation (fundamental building blocks),langgraph,20,263.985,14.172,65.109,50.938,2025-09-20T22:50:27.969995,2025-09-20T22:50:28.300272,330.277,
basic_primitives,Core object creation (fundamental building blocks),llamaindex,1,634.462,14.266,106.641,92.375,2025-09-20T22:51:13.885838,2025-09-20T22:51:14.627305,741.467,
basic_primitives,Core object creation (fundamental building blocks),llamaindex,2,532.322,14.422,104.031,89.609,2025-09-20T22:51:14.627390,2025-09-20T22:51:15.259710,632.32,
basic_primitives,Core object creation (fundamental building blocks),llamaindex,3,546.026,14.516,105.641,91.125,2025-09-20T22:51:15.259765,2025-09-20T22:51:15.915260,655.495,
basic_primitives,Core object creation (fundamental building blocks),llamaindex,4,563.066,14.547,102.625,88.078,2025-09-20T22:51:15.915323,2025-09-20T22:51:16.586622,671.299,
basic_primitives,Core object creation (fundamental building blocks),llamaindex,5,557.276,14.156,104.812,90.656,2025-09-20T22:51:16.586682,2025-09-20T22:51:17.251245,664.563,
basic_primitives,Core object creation (fundamental building blocks),llamaindex,6,516.774,14.547,106.266,91.719,2025-09-20T22:51:17.251323,2025-09-20T22:51:17.875834,624.511,
basic_primitives,Core object creation (fundamental building blocks),llamaindex,7,510.714,14.172,104.688,90.516,2025-09-20T22:51:17.875896,2025-09-20T22:51:18.480183,604.287,
basic_primitives,Core object creation (fundamental building blocks),llamaindex,8,524.186,14.172,111.062,96.891,2025-09-20T22:51:18.480244,2025-09-20T22:51:19.114892,634.648,
basic_primitives,Core object creation (fundamental building blocks),llamaindex,9,564.616,14.172,104.359,90.188,2025-09-20T22:51:19.114959,2025-09-20T22:51:19.789507,674.548,
basic_primitives,Core object creation (fundamental building blocks),llamaindex,10,546.59,14.031,103.984,89.953,2025-09-20T22:51:19.789574,2025-09-20T22:51:20.450991,661.417,
basic_primitives,Core object creation (fundamental building blocks),llamaindex,11,584.759,15.078,106.016,90.938,2025-09-20T22:51:20.451154,2025-09-20T22:51:21.155031,703.877,
basic_primitives,Core object creation (fundamental building blocks),llamaindex,12,521.584,14.203,110.188,95.984,2025-09-20T22:51:21.155090,2025-09-20T22:51:21.780241,625.151,
basic_primitives,Core object creation (fundamental building blocks),llamaindex,13,535.772,14.469,106.125,91.656,2025-09-20T22:51:21.780304,2025-09-20T22:51:22.422656,642.352,
basic_primitives,Core object creation (fundamental building blocks),llamaindex,14,545.571,14.031,107.875,93.844,2025-09-20T22:51:22.422713,2025-09-20T22:51:23.112305,689.592,
basic_primitives,Core object creation (fundamental building blocks),llamaindex,15,547.161,14.516,103.781,89.266,2025-09-20T22:51:23.112369,2025-09-20T22:51:23.761682,649.313,
basic_primitives,Core object creation (fundamental building blocks),llamaindex,16,533.184,14.188,102.688,88.5,2025-09-20T22:51:23.761754,2025-09-20T22:51:24.396897,635.143,
basic_primitives,Core object creation (fundamental building blocks),llamaindex,17,533.854,14.391,105.922,91.531,2025-09-20T22:51:24.396999,2025-09-20T22:51:25.026880,629.881,
basic_primitives,Core object creation (fundamental building blocks),llamaindex,18,527.767,14.203,101.734,87.531,2025-09-20T22:51:25.026950,2025-09-20T22:51:25.665991,639.041,
basic_primitives,Core object creation (fundamental building blocks),llamaindex,19,535.261,14.562,102.922,88.359,2025-09-20T22:51:25.666061,2025-09-20T22:51:26.306730,640.669,
basic_primitives,Core object creation (fundamental building blocks),llamaindex,20,546.854,14.672,105.828,91.156,2025-09-20T22:51:26.306803,2025-09-20T22:51:26.957742,650.939,
basic_primitives,Core object creation (fundamental building blocks),autogen,1,1061.656,14.484,149.5,135.016,2025-09-20T22:51:26.958004,2025-09-20T22:51:28.123856,1165.852,
basic_primitives,Core object creation (fundamental building blocks),autogen,2,884.773,14.359,146.078,131.719,2025-09-20T22:51:28.123915,2025-09-20T22:51:29.118013,994.098,
basic_primitives,Core object creation (fundamental building blocks),autogen,3,847.499,14.328,133.141,118.812,2025-09-20T22:51:29.118092,2025-09-20T22:51:30.064629,946.537,
basic_primitives,Core object creation (fundamental building blocks),autogen,4,855.637,14.172,140.141,125.969,2025-09-20T22:51:30.064686,2025-09-20T22:51:31.018968,954.282,
basic_primitives,Core object creation (fundamental building blocks),autogen,5,874.245,14.172,144.781,130.609,2025-09-20T22:51:31.019025,2025-09-20T22:51:32.000094,981.069,
basic_primitives,Core object creation (fundamental building blocks),autogen,6,897.059,14.375,149.391,135.016,2025-09-20T22:51:32.000178,2025-09-20T22:51:33.010939,1010.761,
basic_primitives,Core object creation (fundamental building blocks),autogen,7,931.811,14.531,141.516,126.984,2025-09-20T22:51:33.011005,2025-09-20T22:51:34.061530,1050.525,
basic_primitives,Core object creation (fundamental building blocks),autogen,8,911.077,14.344,142.562,128.219,2025-09-20T22:51:34.061586,2025-09-20T22:51:35.077061,1015.475,
basic_primitives,Core object creation (fundamental building blocks),autogen,9,900.551,14.25,139.922,125.672,2025-09-20T22:51:35.077120,2025-09-20T22:51:36.087078,1009.958,
basic_primitives,Core object creation (fundamental building blocks),autogen,10,881.472,14.266,145.516,131.25,2025-09-20T22:51:36.087152,2025-09-20T22:51:37.084827,997.675,
basic_primitives,Core object creation (fundamental building blocks),autogen,11,927.223,14.25,129.266,115.016,2025-09-20T22:51:37.084901,2025-09-20T22:51:38.129166,1044.265,
basic_primitives,Core object creation (fundamental building blocks),autogen,12,889.335,14.406,133.594,119.188,2025-09-20T22:51:38.129232,2025-09-20T22:51:39.130300,1001.068,
basic_primitives,Core object creation (fundamental building blocks),autogen,13,927.915,14.672,144.188,129.516,2025-09-20T22:51:39.130358,2025-09-20T22:51:40.183108,1052.75,
basic_primitives,Core object creation (fundamental building blocks),autogen,14,996.184,14.547,138.859,124.312,2025-09-20T22:51:40.183169,2025-09-20T22:51:41.305381,1122.212,
basic_primitives,Core object creation (fundamental building blocks),autogen,15,886.681,14.359,140.938,126.578,2025-09-20T22:51:41.305444,2025-09-20T22:51:42.311980,1006.536,
basic_primitives,Core object creation (fundamental building blocks),autogen,16,908.791,14.625,143.641,129.016,2025-09-20T22:51:42.312036,2025-09-20T22:51:43.325675,1013.639,
basic_primitives,Core object creation (fundamental building blocks),autogen,17,932.15,14.328,138.781,124.453,2025-09-20T22:51:43.325743,2025-09-20T22:51:44.373317,1047.574,
basic_primitives,Core object creation (fundamental building blocks),autogen,18,899.565,14.297,139.797,125.5,2025-09-20T22:51:44.373469,2025-09-20T22:51:45.374396,1000.927,
basic_primitives,Core object creation (fundamental building blocks),autogen,19,838.606,14.203,128.094,113.891,2025-09-20T22:51:45.374454,2025-09-20T22:51:46.362408,987.954,
basic_primitives,Core object creation (fundamental building blocks),autogen,20,855.444,14.625,129.0,114.375,2025-09-20T22:51:46.362471,2025-09-20T22:51:47.368374,1005.903,
basic_primitives,Core object creation (fundamental building blocks),langchain,1,2703.436,14.656,256.375,241.719,2025-09-20T22:50:28.300521,2025-09-20T22:50:31.254846,2954.325,
basic_primitives,Core object creation (fundamental building blocks),langchain,2,2012.709,14.125,265.5,251.375,2025-09-20T22:50:31.254901,2025-09-20T22:50:33.468886,2213.985,
basic_primitives,Core object creation (fundamental building blocks),langchain,3,2158.722,14.172,259.609,245.438,2025-09-20T22:50:33.468942,2025-09-20T22:50:35.866296,2397.354,
basic_primitives,Core object creation (fundamental building blocks),langchain,4,2093.594,14.562,272.375,257.812,2025-09-20T22:50:35.866361,2025-09-20T22:50:38.171056,2304.695,
basic_primitives,Core object creation (fundamental building blocks),langchain,5,1970.2,14.375,254.859,240.484,2025-09-20T22:50:38.171118,2025-09-20T22:50:40.372684,2201.566,
basic_primitives,Core object creation (fundamental building blocks),langchain,6,1990.39,14.031,260.297,246.266,2025-09-20T22:50:40.372753,2025-09-20T22:50:42.577090,2204.337,
basic_primitives,Core object creation (fundamental building blocks),langchain,7,1916.11,14.547,249.609,235.062,2025-09-20T22:50:42.577160,2025-09-20T22:50:44.696056,2118.896,
basic_primitives,Core object creation (fundamental building blocks),langchain,8,1921.928,14.188,252.938,238.75,2025-09-20T22:50:44.696112,2025-09-20T22:50:46.820253,2124.141,
basic_primitives,Core object creation (fundamental building blocks),langchain,9,1930.944,14.031,253.297,239.266,2025-09-20T22:50:46.820312,2025-09-20T22:50:48.953368,2133.056,
basic_primitives,Core object creation (fundamental building blocks),langchain,10,1918.458,14.031,251.078,237.047,2025-09-20T22:50:48.953430,2025-09-20T22:50:51.074599,2121.169,
basic_primitives,Core object creation (fundamental building blocks),langchain,11,1957.158,14.188,256.453,242.266,2025-09-20T22:50:51.074658,2025-09-20T22:50:53.234706,2160.048,
basic_primitives,Core object creation (fundamental building blocks),langchain,12,1923.491,14.172,255.078,240.906,2025-09-20T22:50:53.234765,2025-09-20T22:50:55.384654,2149.889,
basic_primitives,Core object creation (fundamental building blocks),langchain,13,2033.69,14.375,266.594,252.219,2025-09-20T22:50:55.384717,2025-09-20T22:50:57.642980,2258.263,
basic_primitives,Core object creation (fundamental building blocks),langchain,14,2065.306,14.672,266.0,251.328,2025-09-20T22:50:57.643061,2025-09-20T22:50:59.916791,2273.73,
basic_primitives,Core object creation (fundamental building blocks),langchain,15,2036.179,14.031,264.719,250.688,2025-09-20T22:50:59.916853,2025-09-20T22:51:02.184731,2267.878,
basic_primitives,Core object creation (fundamental building blocks),langchain,16,2046.569,14.359,259.859,245.5,2025-09-20T22:51:02.184792,2025-09-20T22:51:04.447642,2262.85,
basic_primitives,Core object creation (fundamental building blocks),langchain,17,2066.743,14.219,266.531,252.312,2025-09-20T22:51:04.447704,2025-09-20T22:51:06.752877,2305.173,
basic_primitives,Core object creation (fundamental building blocks),langchain,18,2026.358,14.234,261.828,247.594,2025-09-20T22:51:06.752947,2025-09-20T22:51:09.024341,2271.394,
basic_primitives,Core object creation (fundamental building blocks),langchain,19,2230.404,14.594,259.0,244.406,2025-09-20T22:51:09.024397,2025-09-20T22:51:11.488471,2464.074,
basic_primitives,Core object creation (fundamental building blocks),langchain,20,2115.353,14.344,267.297,252.953,2025-09-20T22:51:11.488546,2025-09-20T22:51:13.885511,2396.965,
orchestrators,High-level orchestration objects (enterprise-grade),langgraph,1,275.617,14.047,57.422,43.375,2025-09-20T22:51:54.129260,2025-09-20T22:51:54.459212,329.952,
orchestrators,High-level orchestration objects (enterprise-grade),langgraph,2,250.619,14.203,58.469,44.266,2025-09-20T22:51:54.459262,2025-09-20T22:51:54.770042,310.78,
orchestrators,High-level orchestration objects (enterprise-grade),langgraph,3,260.116,14.297,62.969,48.672,2025-09-20T22:51:54.770098,2025-09-20T22:51:55.085815,315.717,
orchestrators,High-level orchestration objects (enterprise-grade),langgraph,4,248.894,14.047,58.984,44.938,2025-09-20T22:51:55.085870,2025-09-20T22:51:55.390034,304.164,
orchestrators,High-level orchestration objects (enterprise-grade),langgraph,5,250.14,14.047,58.641,44.594,2025-09-20T22:51:55.390078,2025-09-20T22:51:55.701271,311.193,
orchestrators,High-level orchestration objects (enterprise-grade),langgraph,6,247.103,14.047,58.969,44.922,2025-09-20T22:51:55.701328,2025-09-20T22:51:56.002360,301.032,
orchestrators,High-level orchestration objects (enterprise-grade),langgraph,7,253.66,14.047,61.281,47.234,2025-09-20T22:51:56.002415,2025-09-20T22:51:56.311197,308.782,
orchestrators,High-level orchestration objects (enterprise-grade),langgraph,8,248.312,14.047,58.969,44.922,2025-09-20T22:51:56.311256,2025-09-20T22:51:56.613864,302.608,
orchestrators,High-level orchestration objects (enterprise-grade),langgraph,9,248.117,14.047,56.906,42.859,2025-09-20T22:51:56.613917,2025-09-20T22:51:56.918138,304.221,
orchestrators,High-level orchestration objects (enterprise-grade),langgraph,10,247.035,14.203,59.391,45.188,2025-09-20T22:51:56.918196,2025-09-20T22:51:57.220830,302.634,
orchestrators,High-level orchestration objects (enterprise-grade),langgraph,11,248.1,14.203,59.391,45.188,2025-09-20T22:51:57.220877,2025-09-20T22:51:57.523048,302.171,
orchestrators,High-level orchestration objects (enterprise-grade),langgraph,12,248.483,14.047,59.281,45.234,2025-09-20T22:51:57.523097,2025-09-20T22:51:57.825320,302.223,
orchestrators,High-level orchestration objects (enterprise-grade),langgraph,13,247.551,14.047,58.969,44.922,2025-09-20T22:51:57.825372,2025-09-20T22:51:58.129062,303.69,
orchestrators,High-level orchestration objects (enterprise-grade),langgraph,14,251.434,14.203,58.391,44.188,2025-09-20T22:51:58.129127,2025-09-20T22:51:58.434931,305.804,
orchestrators,High-level orchestration objects (enterprise-grade),langgraph,15,253.968,14.047,57.984,43.938,2025-09-20T22:51:58.434984,2025-09-20T22:51:58.746104,311.12,
orchestrators,High-level orchestration objects (enterprise-grade),langgraph,16,254.409,14.203,61.531,47.328,2025-09-20T22:51:58.746166,2025-09-20T22:51:59.055675,309.509,
orchestrators,High-level orchestration objects (enterprise-grade),langgraph,17,249.265,14.047,59.297,45.25,2025-09-20T22:51:59.055745,2025-09-20T22:51:59.360652,304.907,
orchestrators,High-level orchestration objects (enterprise-grade),langgraph,18,259.939,14.203,59.656,45.453,2025-09-20T22:51:59.360704,2025-09-20T22:51:59.675466,314.762,
orchestrators,High-level orchestration objects (enterprise-grade),langgraph,19,261.273,14.234,62.672,48.438,2025-09-20T22:51:59.675525,2025-09-20T22:51:59.994843,319.318,
orchestrators,High-level orchestration objects (enterprise-grade),langgraph,20,256.92,14.469,60.062,45.594,2025-09-20T22:51:59.994908,2025-09-20T22:52:00.308362,313.454,
orchestrators,High-level orchestration objects (enterprise-grade),lionagi,1,326.324,14.5,57.344,42.844,2025-09-20T22:51:47.368731,2025-09-20T22:51:47.746441,377.71,
orchestrators,High-level orchestration objects (enterprise-grade),lionagi,2,286.439,14.047,61.219,47.172,2025-09-20T22:51:47.746507,2025-09-20T22:51:48.085116,338.609,
orchestrators,High-level orchestration objects (enterprise-grade),lionagi,3,320.131,14.188,64.094,49.906,2025-09-20T22:51:48.085177,2025-09-20T22:51:48.468035,382.858,
orchestrators,High-level orchestration objects (enterprise-grade),lionagi,4,291.275,14.266,62.047,47.781,2025-09-20T22:51:48.468093,2025-09-20T22:51:48.810082,341.989,
orchestrators,High-level orchestration objects (enterprise-grade),lionagi,5,280.535,14.188,54.516,40.328,2025-09-20T22:51:48.810164,2025-09-20T22:51:49.140871,330.707,
orchestrators,High-level orchestration objects (enterprise-grade),lionagi,6,295.94,14.047,64.984,50.938,2025-09-20T22:51:49.140936,2025-09-20T22:51:49.496241,355.305,
orchestrators,High-level orchestration objects (enterprise-grade),lionagi,7,290.854,14.219,62.281,48.062,2025-09-20T22:51:49.496318,2025-09-20T22:51:49.837721,341.403,
orchestrators,High-level orchestration objects (enterprise-grade),lionagi,8,278.076,14.188,55.438,41.25,2025-09-20T22:51:49.837779,2025-09-20T22:51:50.164073,326.294,
orchestrators,High-level orchestration objects (enterprise-grade),lionagi,9,276.443,14.172,57.0,42.828,2025-09-20T22:51:50.164127,2025-09-20T22:51:50.489389,325.262,
orchestrators,High-level orchestration objects (enterprise-grade),lionagi,10,284.938,14.047,54.672,40.625,2025-09-20T22:51:50.489442,2025-09-20T22:51:50.822550,333.108,
orchestrators,High-level orchestration objects (enterprise-grade),lionagi,11,285.454,14.047,55.844,41.797,2025-09-20T22:51:50.822613,2025-09-20T22:51:51.163613,341.0,
orchestrators,High-level orchestration objects (enterprise-grade),lionagi,12,305.104,14.047,60.641,46.594,2025-09-20T22:51:51.163666,2025-09-20T22:51:51.523580,359.914,
orchestrators,High-level orchestration objects (enterprise-grade),lionagi,13,275.771,14.047,55.75,41.703,2025-09-20T22:51:51.523639,2025-09-20T22:51:51.846913,323.274,
orchestrators,High-level orchestration objects (enterprise-grade),lionagi,14,278.937,14.047,56.203,42.156,2025-09-20T22:51:51.846963,2025-09-20T22:51:52.174099,327.136,
orchestrators,High-level orchestration objects (enterprise-grade),lionagi,15,277.585,14.438,56.359,41.922,2025-09-20T22:51:52.174153,2025-09-20T22:51:52.502315,328.162,
orchestrators,High-level orchestration objects (enterprise-grade),lionagi,16,275.068,14.047,55.391,41.344,2025-09-20T22:51:52.502375,2025-09-20T22:51:52.825142,322.767,
orchestrators,High-level orchestration objects (enterprise-grade),lionagi,17,275.991,14.047,56.219,42.172,2025-09-20T22:51:52.825193,2025-09-20T22:51:53.148640,323.447,
orchestrators,High-level orchestration objects (enterprise-grade),lionagi,18,281.121,14.516,58.312,43.797,2025-09-20T22:51:53.148685,2025-09-20T22:51:53.480508,331.823,
orchestrators,High-level orchestration objects (enterprise-grade),lionagi,19,275.897,14.188,58.859,44.672,2025-09-20T22:51:53.480565,2025-09-20T22:51:53.806604,326.039,
orchestrators,High-level orchestration objects (enterprise-grade),lionagi,20,274.554,14.047,57.0,42.953,2025-09-20T22:51:53.806655,2025-09-20T22:51:54.129027,322.372,
orchestrators,High-level orchestration objects (enterprise-grade),autogen,1,959.669,14.062,127.594,113.531,2025-09-20T22:53:35.343106,2025-09-20T22:53:36.401057,1057.951,
orchestrators,High-level orchestration objects (enterprise-grade),autogen,2,841.253,14.203,128.516,114.312,2025-09-20T22:53:36.401124,2025-09-20T22:53:37.364489,963.365,
orchestrators,High-level orchestration objects (enterprise-grade),autogen,3,839.729,14.234,130.516,116.281,2025-09-20T22:53:37.364549,2025-09-20T22:53:38.310925,946.376,
orchestrators,High-level orchestration objects (enterprise-grade),autogen,4,841.217,14.359,134.906,120.547,2025-09-20T22:53:38.310987,2025-09-20T22:53:39.251529,940.542,
orchestrators,High-level orchestration objects (enterprise-grade),autogen,5,836.682,14.203,140.453,126.25,2025-09-20T22:53:39.251585,2025-09-20T22:53:40.186550,934.965,
orchestrators,High-level orchestration objects (enterprise-grade),autogen,6,852.938,14.438,147.016,132.578,2025-09-20T22:53:40.186599,2025-09-20T22:53:41.138774,952.175,
orchestrators,High-level orchestration objects (enterprise-grade),autogen,7,847.381,14.109,135.266,121.156,2025-09-20T22:53:41.138832,2025-09-20T22:53:42.083047,944.215,
orchestrators,High-level orchestration objects (enterprise-grade),autogen,8,836.115,14.203,137.562,123.359,2025-09-20T22:53:42.083106,2025-09-20T22:53:43.016209,933.103,
orchestrators,High-level orchestration objects (enterprise-grade),autogen,9,856.472,14.203,159.906,145.703,2025-09-20T22:53:43.016266,2025-09-20T22:53:43.970606,954.34,
orchestrators,High-level orchestration objects (enterprise-grade),autogen,10,833.76,14.062,134.062,120.0,2025-09-20T22:53:43.970669,2025-09-20T22:53:44.900676,930.007,
orchestrators,High-level orchestration objects (enterprise-grade),autogen,11,836.977,14.062,128.453,114.391,2025-09-20T22:53:44.900731,2025-09-20T22:53:45.837660,936.929,
orchestrators,High-level orchestration objects (enterprise-grade),autogen,12,839.969,14.062,136.375,122.312,2025-09-20T22:53:45.837736,2025-09-20T22:53:46.776917,939.181,
orchestrators,High-level orchestration objects (enterprise-grade),autogen,13,844.419,14.062,135.016,120.953,2025-09-20T22:53:46.776976,2025-09-20T22:53:47.720354,943.378,
orchestrators,High-level orchestration objects (enterprise-grade),autogen,14,836.136,14.203,125.172,110.969,2025-09-20T22:53:47.720423,2025-09-20T22:53:48.664526,944.103,
orchestrators,High-level orchestration objects (enterprise-grade),autogen,15,844.2,14.203,124.75,110.547,2025-09-20T22:53:48.664583,2025-09-20T22:53:49.606975,942.392,
orchestrators,High-level orchestration objects (enterprise-grade),autogen,16,853.644,14.062,134.172,120.109,2025-09-20T22:53:49.607037,2025-09-20T22:53:50.558113,951.076,
orchestrators,High-level orchestration objects (enterprise-grade),autogen,17,905.2,14.062,147.047,132.984,2025-09-20T22:53:50.558170,2025-09-20T22:53:51.574088,1015.918,
orchestrators,High-level orchestration objects (enterprise-grade),autogen,18,851.159,14.391,135.578,121.188,2025-09-20T22:53:51.574149,2025-09-20T22:53:52.524813,950.664,
orchestrators,High-level orchestration objects (enterprise-grade),autogen,19,854.846,14.281,132.109,117.828,2025-09-20T22:53:52.524875,2025-09-20T22:53:53.477966,953.091,
orchestrators,High-level orchestration objects (enterprise-grade),autogen,20,852.177,14.203,134.734,120.531,2025-09-20T22:53:53.478019,2025-09-20T22:53:54.428364,950.345,
orchestrators,High-level orchestration objects (enterprise-grade),langchain,1,2408.141,14.062,246.0,231.938,2025-09-20T22:52:00.308630,2025-09-20T22:52:02.952559,2643.929,
orchestrators,High-level orchestration objects (enterprise-grade),langchain,2,1931.151,14.203,253.938,239.734,2025-09-20T22:52:02.952616,2025-09-20T22:52:05.105486,2152.87,
orchestrators,High-level orchestration objects (enterprise-grade),langchain,3,1930.313,14.5,261.953,247.453,2025-09-20T22:52:05.105545,2025-09-20T22:52:07.239716,2134.171,
orchestrators,High-level orchestration objects (enterprise-grade),langchain,4,1906.912,14.203,245.156,230.953,2025-09-20T22:52:07.239788,2025-09-20T22:52:09.346314,2106.526,
orchestrators,High-level orchestration objects (enterprise-grade),langchain,5,1950.436,14.062,261.484,247.422,2025-09-20T22:52:09.346366,2025-09-20T22:52:11.498447,2152.081,
orchestrators,High-level orchestration objects (enterprise-grade),langchain,6,1930.787,14.203,264.141,249.938,2025-09-20T22:52:11.498506,2025-09-20T22:52:13.628602,2130.096,
orchestrators,High-level orchestration objects (enterprise-grade),langchain,7,1923.342,14.203,261.484,247.281,2025-09-20T22:52:13.628664,2025-09-20T22:52:15.761726,2133.062,
orchestrators,High-level orchestration objects (enterprise-grade),langchain,8,1912.958,14.656,249.594,234.938,2025-09-20T22:52:15.761780,2025-09-20T22:52:17.875463,2113.683,
orchestrators,High-level orchestration objects (enterprise-grade),langchain,9,1923.155,14.062,261.328,247.266,2025-09-20T22:52:17.875532,2025-09-20T22:52:20.000886,2125.354,
orchestrators,High-level orchestration objects (enterprise-grade),langchain,10,1999.775,14.062,265.375,251.312,2025-09-20T22:52:20.000944,2025-09-20T22:52:22.204684,2203.74,
orchestrators,High-level orchestration objects (enterprise-grade),langchain,11,1930.499,14.203,255.891,241.688,2025-09-20T22:52:22.204741,2025-09-20T22:52:24.337287,2132.546,
orchestrators,High-level orchestration objects (enterprise-grade),langchain,12,1957.657,14.062,259.094,245.031,2025-09-20T22:52:24.337344,2025-09-20T22:52:26.498283,2160.939,
orchestrators,High-level orchestration objects (enterprise-grade),langchain,13,1912.286,14.062,255.406,241.344,2025-09-20T22:52:26.498346,2025-09-20T22:52:28.610517,2112.171,
orchestrators,High-level orchestration objects (enterprise-grade),langchain,14,1933.84,14.203,254.453,240.25,2025-09-20T22:52:28.610576,2025-09-20T22:52:30.745281,2134.705,
orchestrators,High-level orchestration objects (enterprise-grade),langchain,15,1942.144,14.203,253.422,239.219,2025-09-20T22:52:30.745337,2025-09-20T22:52:32.887047,2141.71,
orchestrators,High-level orchestration objects (enterprise-grade),langchain,16,1921.649,14.203,255.359,241.156,2025-09-20T22:52:32.887105,2025-09-20T22:52:35.007277,2120.172,
orchestrators,High-level orchestration objects (enterprise-grade),langchain,17,1948.693,14.109,258.469,244.359,2025-09-20T22:52:35.007335,2025-09-20T22:52:37.157821,2150.486,
orchestrators,High-level orchestration objects (enterprise-grade),langchain,18,1937.709,14.062,270.125,256.062,2025-09-20T22:52:37.157874,2025-09-20T22:52:39.310610,2152.736,
orchestrators,High-level orchestration objects (enterprise-grade),langchain,19,1944.77,14.109,250.859,236.75,2025-09-20T22:52:39.310669,2025-09-20T22:52:41.470582,2159.913,
orchestrators,High-level orchestration objects (enterprise-grade),langchain,20,1923.902,14.062,257.094,243.031,2025-09-20T22:52:41.470641,2025-09-20T22:52:43.595521,2124.88,
orchestrators,High-level orchestration objects (enterprise-grade),llamaindex,1,2313.521,14.172,297.484,283.312,2025-09-20T22:52:43.595760,2025-09-20T22:52:46.180861,2585.101,
orchestrators,High-level orchestration objects (enterprise-grade),llamaindex,2,2246.036,14.031,291.531,277.5,2025-09-20T22:52:46.180919,2025-09-20T22:52:48.681101,2500.182,
orchestrators,High-level orchestration objects (enterprise-grade),llamaindex,3,2240.128,14.25,292.812,278.562,2025-09-20T22:52:48.681158,2025-09-20T22:52:51.218913,2537.755,
orchestrators,High-level orchestration objects (enterprise-grade),llamaindex,4,2341.758,14.688,299.5,284.812,2025-09-20T22:52:51.218972,2025-09-20T22:52:53.824346,2605.374,
orchestrators,High-level orchestration objects (enterprise-grade),llamaindex,5,2237.677,14.172,292.875,278.703,2025-09-20T22:52:53.824417,2025-09-20T22:52:56.322356,2497.939,
orchestrators,High-level orchestration objects (enterprise-grade),llamaindex,6,2270.448,14.172,297.281,283.109,2025-09-20T22:52:56.322413,2025-09-20T22:52:58.851951,2529.538,
orchestrators,High-level orchestration objects (enterprise-grade),llamaindex,7,2281.849,14.188,301.562,287.375,2025-09-20T22:52:58.852010,2025-09-20T22:53:01.394578,2542.568,
orchestrators,High-level orchestration objects (enterprise-grade),llamaindex,8,2255.497,14.172,287.812,273.641,2025-09-20T22:53:01.394634,2025-09-20T22:53:03.903789,2509.155,
orchestrators,High-level orchestration objects (enterprise-grade),llamaindex,9,2249.594,14.031,291.625,277.594,2025-09-20T22:53:03.903850,2025-09-20T22:53:06.407756,2503.906,
orchestrators,High-level orchestration objects (enterprise-grade),llamaindex,10,2255.952,14.0,300.922,286.922,2025-09-20T22:53:06.407816,2025-09-20T22:53:08.920264,2512.448,
orchestrators,High-level orchestration objects (enterprise-grade),llamaindex,11,2308.921,14.031,292.188,278.156,2025-09-20T22:53:08.920326,2025-09-20T22:53:11.590142,2669.816,
orchestrators,High-level orchestration objects (enterprise-grade),llamaindex,12,3225.291,14.719,308.906,294.188,2025-09-20T22:53:11.590219,2025-09-20T22:53:15.078707,3488.488,
orchestrators,High-level orchestration objects (enterprise-grade),llamaindex,13,2352.149,14.25,291.0,276.75,2025-09-20T22:53:15.078767,2025-09-20T22:53:17.728094,2649.327,
orchestrators,High-level orchestration objects (enterprise-grade),llamaindex,14,2242.276,14.172,297.016,282.844,2025-09-20T22:53:17.728155,2025-09-20T22:53:20.227546,2499.391,
orchestrators,High-level orchestration objects (enterprise-grade),llamaindex,15,2263.448,14.594,304.062,289.469,2025-09-20T22:53:20.227608,2025-09-20T22:53:22.762594,2534.986,
orchestrators,High-level orchestration objects (enterprise-grade),llamaindex,16,2283.277,14.172,292.062,277.891,2025-09-20T22:53:22.762647,2025-09-20T22:53:25.306354,2543.707,
orchestrators,High-level orchestration objects (enterprise-grade),llamaindex,17,2245.484,14.031,290.641,276.609,2025-09-20T22:53:25.306417,2025-09-20T22:53:27.812161,2505.744,
orchestrators,High-level orchestration objects (enterprise-grade),llamaindex,18,2229.282,14.172,286.031,271.859,2025-09-20T22:53:27.812216,2025-09-20T22:53:30.313597,2501.381,
orchestrators,High-level orchestration objects (enterprise-grade),llamaindex,19,2261.016,14.031,313.156,299.125,2025-09-20T22:53:30.313656,2025-09-20T22:53:32.832542,2518.886,
orchestrators,High-level orchestration objects (enterprise-grade),llamaindex,20,2253.294,14.031,306.703,292.672,2025-09-20T22:53:32.832601,2025-09-20T22:53:35.342843,2510.242,
hello_world,Minimum code to send 'Hello World' to AI (practical usability),lionagi,1,315.553,14.578,58.438,43.859,2025-09-20T22:53:54.428721,2025-09-20T22:53:54.793806,365.085,
hello_world,Minimum code to send 'Hello World' to AI (practical usability),lionagi,2,274.623,14.172,55.875,41.703,2025-09-20T22:53:54.793863,2025-09-20T22:53:55.115928,322.065,
hello_world,Minimum code to send 'Hello World' to AI (practical usability),lionagi,3,275.603,14.047,55.281,41.234,2025-09-20T22:53:55.115979,2025-09-20T22:53:55.438723,322.744,
hello_world,Minimum code to send 'Hello World' to AI (practical usability),lionagi,4,279.526,14.172,57.891,43.719,2025-09-20T22:53:55.438790,2025-09-20T22:53:55.766425,327.635,
hello_world,Minimum code to send 'Hello World' to AI (practical usability),lionagi,5,275.445,14.047,56.531,42.484,2025-09-20T22:53:55.766486,2025-09-20T22:53:56.089167,322.681,
hello_world,Minimum code to send 'Hello World' to AI (practical usability),lionagi,6,273.253,14.172,56.656,42.484,2025-09-20T22:53:56.089215,2025-09-20T22:53:56.409661,320.446,
hello_world,Minimum code to send 'Hello World' to AI (practical usability),lionagi,7,283.34,14.281,58.703,44.422,2025-09-20T22:53:56.409716,2025-09-20T22:53:56.741695,331.979,
hello_world,Minimum code to send 'Hello World' to AI (practical usability),lionagi,8,275.452,14.047,55.75,41.703,2025-09-20T22:53:56.741750,2025-09-20T22:53:57.065075,323.325,
hello_world,Minimum code to send 'Hello World' to AI (practical usability),lionagi,9,280.682,14.172,55.812,41.641,2025-09-20T22:53:57.065127,2025-09-20T22:53:57.393734,328.607,
hello_world,Minimum code to send 'Hello World' to AI (practical usability),lionagi,10,276.613,14.172,55.719,41.547,2025-09-20T22:53:57.393794,2025-09-20T22:53:57.718189,324.395,
hello_world,Minimum code to send 'Hello World' to AI (practical usability),lionagi,11,277.763,14.047,56.719,42.672,2025-09-20T22:53:57.718239,2025-09-20T22:53:58.043389,325.15,
hello_world,Minimum code to send 'Hello World' to AI (practical usability),lionagi,12,274.591,14.047,55.75,41.703,2025-09-20T22:53:58.043443,2025-09-20T22:53:58.365141,321.698,
hello_world,Minimum code to send 'Hello World' to AI (practical usability),lionagi,13,276.07,14.047,56.578,42.531,2025-09-20T22:53:58.365188,2025-09-20T22:53:58.689133,323.945,
hello_world,Minimum code to send 'Hello World' to AI (practical usability),lionagi,14,284.832,14.203,59.734,45.531,2025-09-20T22:53:58.689179,2025-09-20T22:53:59.026022,336.843,
hello_world,Minimum code to send 'Hello World' to AI (practical usability),lionagi,15,276.772,14.047,56.672,42.625,2025-09-20T22:53:59.026082,2025-09-20T22:53:59.350368,324.286,
hello_world,Minimum code to send 'Hello World' to AI (practical usability),lionagi,16,274.735,14.047,56.344,42.297,2025-09-20T22:53:59.350416,2025-09-20T22:53:59.672303,321.887,
hello_world,Minimum code to send 'Hello World' to AI (practical usability),lionagi,17,279.679,14.047,58.766,44.719,2025-09-20T22:53:59.672355,2025-09-20T22:54:00.000303,327.948,
hello_world,Minimum code to send 'Hello World' to AI (practical usability),lionagi,18,278.595,14.047,57.453,43.406,2025-09-20T22:54:00.000356,2025-09-20T22:54:00.326757,326.401,
hello_world,Minimum code to send 'Hello World' to AI (practical usability),lionagi,19,274.813,14.172,55.875,41.703,2025-09-20T22:54:00.326809,2025-09-20T22:54:00.648604,321.795,
hello_world,Minimum code to send 'Hello World' to AI (practical usability),lionagi,20,274.82,14.047,55.047,41.0,2025-09-20T22:54:00.648654,2025-09-20T22:54:00.970650,321.996,
hello_world,Minimum code to send 'Hello World' to AI (practical usability),autogen,1,1141.871,14.25,150.953,136.703,2025-09-20T22:56:25.719892,2025-09-20T22:56:26.971499,1251.607,
hello_world,Minimum code to send 'Hello World' to AI (practical usability),autogen,2,900.77,14.359,143.828,129.469,2025-09-20T22:56:26.971564,2025-09-20T22:56:27.983188,1011.624,
hello_world,Minimum code to send 'Hello World' to AI (practical usability),autogen,3,899.728,14.266,138.656,124.391,2025-09-20T22:56:27.983278,2025-09-20T22:56:29.016112,1032.834,
hello_world,Minimum code to send 'Hello World' to AI (practical usability),autogen,4,903.996,14.594,147.578,132.984,2025-09-20T22:56:29.016178,2025-09-20T22:56:30.031116,1014.938,
hello_world,Minimum code to send 'Hello World' to AI (practical usability),autogen,5,888.976,14.188,142.094,127.906,2025-09-20T22:56:30.031174,2025-09-20T22:56:31.019754,988.58,
hello_world,Minimum code to send 'Hello World' to AI (practical usability),autogen,6,843.8,14.188,140.172,125.984,2025-09-20T22:56:31.019813,2025-09-20T22:56:31.969689,949.876,
hello_world,Minimum code to send 'Hello World' to AI (practical usability),autogen,7,892.008,14.625,138.438,123.812,2025-09-20T22:56:31.969760,2025-09-20T22:56:32.966551,996.791,
hello_world,Minimum code to send 'Hello World' to AI (practical usability),autogen,8,890.655,14.25,143.125,128.875,2025-09-20T22:56:32.966618,2025-09-20T22:56:33.963235,996.617,
hello_world,Minimum code to send 'Hello World' to AI (practical usability),autogen,9,942.399,14.344,152.734,138.391,2025-09-20T22:56:33.963300,2025-09-20T22:56:35.009029,1045.729,
hello_world,Minimum code to send 'Hello World' to AI (practical usability),autogen,10,963.278,14.688,149.141,134.453,2025-09-20T22:56:35.009090,2025-09-20T22:56:36.092620,1083.53,
hello_world,Minimum code to send 'Hello World' to AI (practical usability),autogen,11,942.326,14.359,150.406,136.047,2025-09-20T22:56:36.092684,2025-09-20T22:56:37.148724,1056.04,
hello_world,Minimum code to send 'Hello World' to AI (practical usability),autogen,12,925.59,14.203,149.953,135.75,2025-09-20T22:56:37.148787,2025-09-20T22:56:38.206741,1057.954,
hello_world,Minimum code to send 'Hello World' to AI (practical usability),autogen,13,936.396,14.453,136.344,121.891,2025-09-20T22:56:38.206804,2025-09-20T22:56:39.258296,1051.492,
hello_world,Minimum code to send 'Hello World' to AI (practical usability),autogen,14,904.068,14.5,136.641,122.141,2025-09-20T22:56:39.258401,2025-09-20T22:56:40.271168,1012.767,
hello_world,Minimum code to send 'Hello World' to AI (practical usability),autogen,15,893.988,14.031,141.891,127.859,2025-09-20T22:56:40.271231,2025-09-20T22:56:41.272240,1001.009,
hello_world,Minimum code to send 'Hello World' to AI (practical usability),autogen,16,904.323,14.516,146.781,132.266,2025-09-20T22:56:41.272311,2025-09-20T22:56:42.278661,1006.35,
hello_world,Minimum code to send 'Hello World' to AI (practical usability),autogen,17,873.481,14.188,136.047,121.859,2025-09-20T22:56:42.278718,2025-09-20T22:56:43.262630,983.912,
hello_world,Minimum code to send 'Hello World' to AI (practical usability),autogen,18,927.209,14.234,144.328,130.094,2025-09-20T22:56:43.262694,2025-09-20T22:56:44.316731,1054.037,
hello_world,Minimum code to send 'Hello World' to AI (practical usability),autogen,19,937.716,14.188,146.688,132.5,2025-09-20T22:56:44.316792,2025-09-20T22:56:45.373566,1056.774,
hello_world,Minimum code to send 'Hello World' to AI (practical usability),autogen,20,921.949,14.625,139.953,125.328,2025-09-20T22:56:45.373641,2025-09-20T22:56:46.412709,1039.068,
hello_world,Minimum code to send 'Hello World' to AI (practical usability),langgraph,1,1954.632,14.25,254.172,239.922,2025-09-20T22:54:00.970916,2025-09-20T22:54:03.127971,2157.055,
hello_world,Minimum code to send 'Hello World' to AI (practical usability),langgraph,2,1918.931,14.219,249.688,235.469,2025-09-20T22:54:03.128030,2025-09-20T22:54:05.258777,2130.747,
hello_world,Minimum code to send 'Hello World' to AI (practical usability),langgraph,3,1906.573,14.094,249.875,235.781,2025-09-20T22:54:05.258832,2025-09-20T22:54:07.363259,2104.427,
hello_world,Minimum code to send 'Hello World' to AI (practical usability),langgraph,4,1901.524,14.094,244.922,230.828,2025-09-20T22:54:07.363309,2025-09-20T22:54:09.467106,2103.797,
hello_world,Minimum code to send 'Hello World' to AI (practical usability),langgraph,5,1935.973,14.094,270.5,256.406,2025-09-20T22:54:09.467163,2025-09-20T22:54:11.621681,2154.518,
hello_world,Minimum code to send 'Hello World' to AI (practical usability),langgraph,6,1905.254,14.094,240.469,226.375,2025-09-20T22:54:11.621734,2025-09-20T22:54:13.745510,2123.776,
hello_world,Minimum code to send 'Hello World' to AI (practical usability),langgraph,7,1921.154,14.25,259.719,245.469,2025-09-20T22:54:13.745581,2025-09-20T22:54:15.868858,2123.277,
hello_world,Minimum code to send 'Hello World' to AI (practical usability),langgraph,8,1914.174,14.219,251.625,237.406,2025-09-20T22:54:15.868919,2025-09-20T22:54:17.981965,2113.046,
hello_world,Minimum code to send 'Hello World' to AI (practical usability),langgraph,9,1920.242,14.219,267.344,253.125,2025-09-20T22:54:17.982020,2025-09-20T22:54:20.099704,2117.684,
hello_world,Minimum code to send 'Hello World' to AI (practical usability),langgraph,10,1935.281,14.094,271.156,257.062,2025-09-20T22:54:20.099763,2025-09-20T22:54:22.239620,2139.857,
hello_world,Minimum code to send 'Hello World' to AI (practical usability),langgraph,11,1945.812,14.219,249.219,235.0,2025-09-20T22:54:22.239678,2025-09-20T22:54:24.389249,2149.571,
hello_world,Minimum code to send 'Hello World' to AI (practical usability),langgraph,12,1922.035,14.219,258.734,244.516,2025-09-20T22:54:24.389303,2025-09-20T22:54:26.513267,2123.964,
hello_world,Minimum code to send 'Hello World' to AI (practical usability),langgraph,13,1935.524,14.297,252.094,237.797,2025-09-20T22:54:26.513323,2025-09-20T22:54:28.664974,2151.651,
hello_world,Minimum code to send 'Hello World' to AI (practical usability),langgraph,14,1946.983,14.281,255.062,240.781,2025-09-20T22:54:28.665037,2025-09-20T22:54:30.858756,2193.719,
hello_world,Minimum code to send 'Hello World' to AI (practical usability),langgraph,15,1941.627,14.219,253.375,239.156,2025-09-20T22:54:30.858817,2025-09-20T22:54:33.000748,2141.931,
hello_world,Minimum code to send 'Hello World' to AI (practical usability),langgraph,16,1922.878,14.219,262.406,248.188,2025-09-20T22:54:33.000802,2025-09-20T22:54:35.130461,2129.659,
hello_world,Minimum code to send 'Hello World' to AI (practical usability),langgraph,17,1915.103,14.344,250.469,236.125,2025-09-20T22:54:35.130532,2025-09-20T22:54:37.247728,2117.196,
hello_world,Minimum code to send 'Hello World' to AI (practical usability),langgraph,18,1905.528,14.094,254.812,240.719,2025-09-20T22:54:37.247794,2025-09-20T22:54:39.353241,2105.447,
hello_world,Minimum code to send 'Hello World' to AI (practical usability),langgraph,19,1914.713,14.219,249.953,235.734,2025-09-20T22:54:39.353296,2025-09-20T22:54:41.469127,2115.831,
hello_world,Minimum code to send 'Hello World' to AI (practical usability),langgraph,20,2535.606,14.672,270.984,256.312,2025-09-20T22:54:41.469192,2025-09-20T22:54:44.241114,2771.922,
hello_world,Minimum code to send 'Hello World' to AI (practical usability),langchain,1,2040.319,14.719,263.875,249.156,2025-09-20T22:54:44.241400,2025-09-20T22:54:46.877294,2635.894,
hello_world,Minimum code to send 'Hello World' to AI (practical usability),langchain,2,1910.753,14.062,251.234,237.172,2025-09-20T22:54:46.877349,2025-09-20T22:54:48.986750,2109.401,
hello_world,Minimum code to send 'Hello World' to AI (practical usability),langchain,3,1918.139,14.062,250.141,236.078,2025-09-20T22:54:48.986807,2025-09-20T22:54:51.104027,2117.22,
hello_world,Minimum code to send 'Hello World' to AI (practical usability),langchain,4,2006.98,14.719,265.234,250.516,2025-09-20T22:54:51.104087,2025-09-20T22:54:53.319437,2215.35,
hello_world,Minimum code to send 'Hello World' to AI (practical usability),langchain,5,1925.135,14.172,248.984,234.812,2025-09-20T22:54:53.319500,2025-09-20T22:54:55.449915,2130.415,
hello_world,Minimum code to send 'Hello World' to AI (practical usability),langchain,6,1931.908,14.062,260.219,246.156,2025-09-20T22:54:55.449976,2025-09-20T22:54:57.580054,2130.078,
hello_world,Minimum code to send 'Hello World' to AI (practical usability),langchain,7,1916.203,14.062,258.281,244.219,2025-09-20T22:54:57.580113,2025-09-20T22:54:59.704978,2124.865,
hello_world,Minimum code to send 'Hello World' to AI (practical usability),langchain,8,1954.717,14.172,249.984,235.812,2025-09-20T22:54:59.705030,2025-09-20T22:55:01.898815,2193.785,
hello_world,Minimum code to send 'Hello World' to AI (practical usability),langchain,9,1925.684,14.062,251.203,237.141,2025-09-20T22:55:01.898878,2025-09-20T22:55:04.028510,2129.632,
hello_world,Minimum code to send 'Hello World' to AI (practical usability),langchain,10,1916.532,14.062,257.312,243.25,2025-09-20T22:55:04.028570,2025-09-20T22:55:06.151024,2122.454,
hello_world,Minimum code to send 'Hello World' to AI (practical usability),langchain,11,1923.092,14.062,256.219,242.156,2025-09-20T22:55:06.151097,2025-09-20T22:55:08.275416,2124.319,
hello_world,Minimum code to send 'Hello World' to AI (practical usability),langchain,12,1906.574,14.172,241.531,227.359,2025-09-20T22:55:08.275470,2025-09-20T22:55:10.382557,2107.087,
hello_world,Minimum code to send 'Hello World' to AI (practical usability),langchain,13,1935.418,14.062,254.469,240.406,2025-09-20T22:55:10.382615,2025-09-20T22:55:12.516011,2133.396,
hello_world,Minimum code to send 'Hello World' to AI (practical usability),langchain,14,1914.83,14.172,257.719,243.547,2025-09-20T22:55:12.516076,2025-09-20T22:55:14.632961,2116.885,
hello_world,Minimum code to send 'Hello World' to AI (practical usability),langchain,15,1910.298,14.172,249.406,235.234,2025-09-20T22:55:14.633015,2025-09-20T22:55:16.746829,2113.814,
hello_world,Minimum code to send 'Hello World' to AI (practical usability),langchain,16,1912.171,14.062,250.125,236.062,2025-09-20T22:55:16.746885,2025-09-20T22:55:18.856379,2109.494,
hello_world,Minimum code to send 'Hello World' to AI (practical usability),langchain,17,1929.175,14.172,261.078,246.906,2025-09-20T22:55:18.856434,2025-09-20T22:55:20.983751,2127.317,
hello_world,Minimum code to send 'Hello World' to AI (practical usability),langchain,18,1940.639,14.062,263.281,249.219,2025-09-20T22:55:20.983808,2025-09-20T22:55:23.157409,2173.601,
hello_world,Minimum code to send 'Hello World' to AI (practical usability),langchain,19,1926.268,14.062,258.062,244.0,2025-09-20T22:55:23.157479,2025-09-20T22:55:25.285940,2128.461,
hello_world,Minimum code to send 'Hello World' to AI (practical usability),langchain,20,1924.23,14.062,246.422,232.359,2025-09-20T22:55:25.286002,2025-09-20T22:55:27.406879,2120.877,
hello_world,Minimum code to send 'Hello World' to AI (practical usability),llamaindex,1,2379.316,14.047,325.656,311.609,2025-09-20T22:55:27.407140,2025-09-20T22:55:30.066554,2659.414,
hello_world,Minimum code to send 'Hello World' to AI (practical usability),llamaindex,2,2335.259,14.172,336.281,322.109,2025-09-20T22:55:30.066609,2025-09-20T22:55:32.706987,2640.378,
hello_world,Minimum code to send 'Hello World' to AI (practical usability),llamaindex,3,2352.075,14.047,324.953,310.906,2025-09-20T22:55:32.707051,2025-09-20T22:55:35.335911,2628.86,
hello_world,Minimum code to send 'Hello World' to AI (practical usability),llamaindex,4,2456.735,14.047,357.734,343.688,2025-09-20T22:55:35.335969,2025-09-20T22:55:38.095133,2759.164,
hello_world,Minimum code to send 'Hello World' to AI (practical usability),llamaindex,5,2439.613,14.172,340.312,326.141,2025-09-20T22:55:38.095194,2025-09-20T22:55:40.837260,2742.066,
hello_world,Minimum code to send 'Hello World' to AI (practical usability),llamaindex,6,3284.742,14.438,330.734,316.297,2025-09-20T22:55:40.837314,2025-09-20T22:55:44.607779,3770.465,
hello_world,Minimum code to send 'Hello World' to AI (practical usability),llamaindex,7,2617.385,14.688,341.75,327.062,2025-09-20T22:55:44.607852,2025-09-20T22:55:47.684490,3076.638,
hello_world,Minimum code to send 'Hello World' to AI (practical usability),llamaindex,8,2645.819,14.875,341.406,326.531,2025-09-20T22:55:47.684650,2025-09-20T22:55:50.620812,2936.162,
hello_world,Minimum code to send 'Hello World' to AI (practical usability),llamaindex,9,2508.812,14.484,339.453,324.969,2025-09-20T22:55:50.620898,2025-09-20T22:55:53.431644,2810.746,
hello_world,Minimum code to send 'Hello World' to AI (practical usability),llamaindex,10,2547.696,14.172,338.469,324.297,2025-09-20T22:55:53.431705,2025-09-20T22:55:56.279714,2848.009,
hello_world,Minimum code to send 'Hello World' to AI (practical usability),llamaindex,11,2499.445,14.297,334.578,320.281,2025-09-20T22:55:56.279769,2025-09-20T22:55:59.092672,2812.903,
hello_world,Minimum code to send 'Hello World' to AI (practical usability),llamaindex,12,2491.08,14.75,332.328,317.578,2025-09-20T22:55:59.092731,2025-09-20T22:56:01.886588,2793.857,
hello_world,Minimum code to send 'Hello World' to AI (practical usability),llamaindex,13,2432.961,14.719,342.375,327.656,2025-09-20T22:56:01.886643,2025-09-20T22:56:04.612542,2725.899,
hello_world,Minimum code to send 'Hello World' to AI (practical usability),llamaindex,14,2462.161,14.172,332.375,318.203,2025-09-20T22:56:04.612597,2025-09-20T22:56:07.385365,2772.768,
hello_world,Minimum code to send 'Hello World' to AI (practical usability),llamaindex,15,2475.758,14.453,333.25,318.797,2025-09-20T22:56:07.385419,2025-09-20T22:56:10.146722,2761.303,
hello_world,Minimum code to send 'Hello World' to AI (practical usability),llamaindex,16,2577.057,14.312,348.812,334.5,2025-09-20T22:56:10.146780,2025-09-20T22:56:13.060553,2913.773,
hello_world,Minimum code to send 'Hello World' to AI (practical usability),llamaindex,17,2630.293,14.438,352.891,338.453,2025-09-20T22:56:13.060610,2025-09-20T22:56:16.260997,3200.387,
hello_world,Minimum code to send 'Hello World' to AI (practical usability),llamaindex,18,3436.348,14.734,338.141,323.406,2025-09-20T22:56:16.261068,2025-09-20T22:56:19.998391,3737.323,
hello_world,Minimum code to send 'Hello World' to AI (practical usability),llamaindex,19,2540.506,14.172,324.391,310.219,2025-09-20T22:56:19.998450,2025-09-20T22:56:22.846241,2847.791,
hello_world,Minimum code to send 'Hello World' to AI (practical usability),llamaindex,20,2552.583,14.766,342.281,327.516,2025-09-20T22:56:22.846294,2025-09-20T22:56:25.719612,2873.318,
